mean,Shape_Leng,shapeGroup,shapeType,shapeID,Shape_Area,Level,shapeName,system:index
0.02458432025729868,1.7469864252,KEN,ADM2,KEN-ADM2-3690345B56101260,0.0408293109314,ADM2,Ainabkoi,00000000000000000000
0.027296413492299648,0.91730661057,KEN,ADM2,KEN-ADM2-3690345B87011697,0.0199566503878,ADM2,Ainamoi,00000000000000000001
0.02836518677939999,1.4026373551,KEN,ADM2,KEN-ADM2-3690345B66326805,0.0379999869223,ADM2,Aldai,00000000000000000002
0.03167865338650311,1.08135431882,KEN,ADM2,KEN-ADM2-3690345B40354507,0.0493573143102,ADM2,Alego Usonga,00000000000000000003
0.029915629074040943,0.743914964908,KEN,ADM2,KEN-ADM2-3690345B85995800,0.0213654705587,ADM2,Awendo,00000000000000000004
0.025632839776135116,0.797055288104,KEN,ADM2,KEN-ADM2-3690345B44725380,0.0242341556651,ADM2,Bahati,00000000000000000005
0.029719805966295698,3.9371610002,KEN,ADM2,KEN-ADM2-3690345B27724194,0.39324541533,ADM2,Balambala,00000000000000000006
0.028553701783329832,2.7993682697,KEN,ADM2,KEN-ADM2-3690345B79718155,0.247446126416,ADM2,Banissa,00000000000000000007
0.027495707467955953,1.33254129891,KEN,ADM2,KEN-ADM2-3690345B17008822,0.0537580755686,ADM2,Baringo Central,00000000000000000008
0.02831066922073091,1.7185920354,KEN,ADM2,KEN-ADM2-3690345B12399496,0.132740713223,ADM2,Baringo North,00000000000000000009
0.028308976819943845,2.61185421842,KEN,ADM2,KEN-ADM2-3690345B67136277,0.148415380937,ADM2,Baringo South,0000000000000000000a
0.026528699863954862,1.43485440469,KEN,ADM2,KEN-ADM2-3690345B96204901,0.0310939949348,ADM2,Belgut,0000000000000000000b
0.027964633171691632,0.682055658346,KEN,ADM2,KEN-ADM2-3690345B3857870,0.0195284354115,ADM2,Bobasi,0000000000000000000c
0.028104809315231665,0.443170394603,KEN,ADM2,KEN-ADM2-3690345B15337870,0.00927489122284,ADM2,Bomachoge Borabu,0000000000000000000d
0.028937781393267067,0.504551277724,KEN,ADM2,KEN-ADM2-3690345B87987542,0.00828719656932,ADM2,Bomachoge Chache,0000000000000000000e
0.026304476303469545,1.00094952497,KEN,ADM2,KEN-ADM2-3690345B11308046,0.0218514754117,ADM2,Bomet Central,0000000000000000000f
0.02630780836504422,1.09768611641,KEN,ADM2,KEN-ADM2-3690345B24850666,0.0248468523234,ADM2,Bomet East,00000000000000000010
0.029837131920319743,0.400134362061,KEN,ADM2,KEN-ADM2-3690345B57874743,0.0102921277309,ADM2,Bonchari,00000000000000000011
0.03191766746286632,1.51309451715,KEN,ADM2,KEN-ADM2-3690345B53369334,0.10646806667,ADM2,Bondo,00000000000000000012
0.027043230547298153,1.18656826475,KEN,ADM2,KEN-ADM2-3690345B73345410,0.0238283075661,ADM2,Borabu,00000000000000000013
0.03227032787964911,0.641532002317,KEN,ADM2,KEN-ADM2-3690345B58170852,0.0252364020155,ADM2,Budalangi,00000000000000000014
0.03135744230266078,0.971189406685,KEN,ADM2,KEN-ADM2-3690345B64936902,0.0280565255558,ADM2,Bumula,00000000000000000015
0.029812974765881205,4.98777192828,KEN,ADM2,KEN-ADM2-3690345B32160578,1.10515698928,ADM2,Bura,00000000000000000016
0.027397288896359968,0.774757639583,KEN,ADM2,KEN-ADM2-3690345B3601293,0.0256495353618,ADM2,Buret,00000000000000000017
0.03110018265099976,0.798038388102,KEN,ADM2,KEN-ADM2-3690345B21467447,0.0169979515601,ADM2,Butere,00000000000000000018
0.031526851814649426,0.740607970458,KEN,ADM2,KEN-ADM2-3690345B44760091,0.0197391709166,ADM2,Butula,00000000000000000019
0.02406084633256459,2.26975096432,KEN,ADM2,KEN-ADM2-3690345B37251630,0.106820483335,ADM2,Buuri,0000000000000000001a
0.024996543384662537,1.96530797426,KEN,ADM2,KEN-ADM2-3690345B47432505,0.0627054716627,ADM2,Cental Imenti,0000000000000000001b
0.030543783831090427,0.250735774933,KEN,ADM2,KEN-ADM2-3690345B1634426,0.00185388869227,ADM2,Changamwe,0000000000000000001c
0.02670809833989208,1.1410750327,KEN,ADM2,KEN-ADM2-3690345B54379050,0.0435947277517,ADM2,Chepalungu,0000000000000000001d
0.026602643697276284,1.20107983018,KEN,ADM2,KEN-ADM2-3690345B82058424,0.0509903433963,ADM2,Cherangany,0000000000000000001e
0.026600209207906848,1.15609636123,KEN,ADM2,KEN-ADM2-3690345B21732080,0.0394901731036,ADM2,Chesumei,0000000000000000001f
0.02954839458937579,4.58150511135,KEN,ADM2,KEN-ADM2-3690345B27027716,0.56261020054,ADM2,Dadaab,00000000000000000020
0.026548407850527193,0.267128465588,KEN,ADM2,KEN-ADM2-3690345B94770291,0.00198642271282,ADM2,Dagoretti,00000000000000000021
0.029307750796984985,0.934261685822,KEN,ADM2,KEN-ADM2-3690345B7057112,0.046175643024,ADM2,Dujis,00000000000000000022
0.025071194788251303,1.43387614743,KEN,ADM2,KEN-ADM2-3690345B24430479,0.0757732853086,ADM2,Eldama Ravine,00000000000000000023
0.029833353074102446,4.09241834666,KEN,ADM2,KEN-ADM2-3690345B93713648,0.385451758737,ADM2,Eldas,00000000000000000024
0.027052192614747984,0.130085079652,KEN,ADM2,KEN-ADM2-3690345B3252702,6.64901959297E-4,ADM2,Embakasi Central,00000000000000000025
0.026762740171901524,0.405265792021,KEN,ADM2,KEN-ADM2-3690345B46280660,0.00697580217167,ADM2,Embakasi East,00000000000000000026
0.02713178623735126,0.143452057817,KEN,ADM2,KEN-ADM2-3690345B8729405,4.41181256097E-4,ADM2,Embakasi North,00000000000000000027
0.026719528581656698,0.243431047775,KEN,ADM2,KEN-ADM2-3690345B16698266,0.00142609820487,ADM2,Embakasi South,00000000000000000028
0.02710189790092994,0.168044565132,KEN,ADM2,KEN-ADM2-3690345B13029348,7.93166442342E-4,ADM2,Embakasi West,00000000000000000029
0.026850609706184143,1.40744027657,KEN,ADM2,KEN-ADM2-3690345B16880297,0.0294820089001,ADM2,Emgwen,0000000000000000002a
0.03031015555453675,0.431816084001,KEN,ADM2,KEN-ADM2-3690345B83775094,0.00724525359689,ADM2,Emuhaya,0000000000000000002b
0.027088506466528346,0.937819836085,KEN,ADM2,KEN-ADM2-3690345B43070033,0.026413540415,ADM2,Emurua Dikirr,0000000000000000002c
0.024912971921512553,1.28317477736,KEN,ADM2,KEN-ADM2-3690345B13795102,0.0543532535034,ADM2,Endebess,0000000000000000002d
0.02937667010591919,5.27350132318,KEN,ADM2,KEN-ADM2-3690345B23502203,1.34739008043,ADM2,Fafi,0000000000000000002e
0.031890415404978396,0.765178751116,KEN,ADM2,KEN-ADM2-3690345B27459694,0.0222047765064,ADM2,Funyula,0000000000000000002f
0.02813549521953054,2.33793649722,KEN,ADM2,KEN-ADM2-3690345B57400974,0.107518612795,ADM2,Gachoka,00000000000000000030
0.02973014573255323,4.36625694526,KEN,ADM2,KEN-ADM2-3690345B39955387,0.787267473307,ADM2,Galole,00000000000000000031
0.029696899950092136,2.56000399592,KEN,ADM2,KEN-ADM2-3690345B57182923,0.238828828118,ADM2,Ganze,00000000000000000032
0.02959057842546464,6.34278727113,KEN,ADM2,KEN-ADM2-3690345B37034434,1.29298088148,ADM2,Garsen,00000000000000000033
0.026362332730393862,2.42070928019,KEN,ADM2,KEN-ADM2-3690345B30152017,0.0488006114383,ADM2,Gatanga,00000000000000000034
0.02533316952411782,0.993123530531,KEN,ADM2,KEN-ADM2-3690345B78766292,0.0190562071078,ADM2,Gatundu North,00000000000000000035
0.025525201186745297,0.939206271244,KEN,ADM2,KEN-ADM2-3690345B15041000,0.018013492523,ADM2,Gatundu South,00000000000000000036
0.03101172469621056,1.0059503196,KEN,ADM2,KEN-ADM2-3690345B44874747,0.0327381733642,ADM2,Gem,00000000000000000037
0.02521904134141863,1.02696406448,KEN,ADM2,KEN-ADM2-3690345B44477946,0.0379498565063,ADM2,Gichugu,00000000000000000038
0.02552103345811531,1.89738899468,KEN,ADM2,KEN-ADM2-3690345B33732259,0.102690175255,ADM2,Gilgil,00000000000000000039
0.025766806171268673,0.756157301601,KEN,ADM2,KEN-ADM2-3690345B93229578,0.0140557399999,ADM2,Githunguri,0000000000000000003a
0.029197465564335386,0.874203845118,KEN,ADM2,KEN-ADM2-3690345B99793548,0.015164007811,ADM2,Hamisi,0000000000000000003b
0.03132072415513698,0.895106514965,KEN,ADM2,KEN-ADM2-3690345B87180909,0.0218580740194,ADM2,Homa Bay,0000000000000000003c
0.02782719953438567,2.17623463562,KEN,ADM2,KEN-ADM2-3690345B88350671,0.0651855653738,ADM2,Igembe Central,0000000000000000003d
0.02739486039218819,1.29499948157,KEN,ADM2,KEN-ADM2-3690345B64488777,0.0874111483302,ADM2,Igembe North,0000000000000000003e
0.028833820235990668,1.81656000318,KEN,ADM2,KEN-ADM2-3690345B98815359,0.0681664550572,ADM2,Igembe South,0000000000000000003f
0.02936838223091879,4.95243718201,KEN,ADM2,KEN-ADM2-3690345B39957552,0.668431351214,ADM2,Ijara,00000000000000000040
0.03010546610812565,0.6536979577,KEN,ADM2,KEN-ADM2-3690345B86274459,0.0116853760916,ADM2,Ikolomani,00000000000000000041
0.02964020348864411,9.28777185634,KEN,ADM2,KEN-ADM2-3690345B86520982,1.24506356936,ADM2,Isiolo North,00000000000000000042
0.029662139559290018,5.37904118181,KEN,ADM2,KEN-ADM2-3690345B7196949,0.818786695529,ADM2,Isiolo South,00000000000000000043
0.030481077229933234,0.339882118515,KEN,ADM2,KEN-ADM2-3690345B5854263,0.00258313410144,ADM2,Jomvu,00000000000000000044
0.027191768186267343,1.13434656465,KEN,ADM2,KEN-ADM2-3690345B23762586,0.0303444523402,ADM2,Juja,00000000000000000045
0.026111048986230838,0.384770732089,KEN,ADM2,KEN-ADM2-3690345B23474610,0.00456838148631,ADM2,Kabete,00000000000000000046
0.03002423619327697,0.822640494151,KEN,ADM2,KEN-ADM2-3690345B8363355,0.0200601455674,ADM2,Kabondo Kasipul,00000000000000000047
0.029697482931477424,0.700803071958,KEN,ADM2,KEN-ADM2-3690345B18415588,0.0189909114449,ADM2,Kabuchai,00000000000000000048
0.02838142343607525,3.67295365125,KEN,ADM2,KEN-ADM2-3690345B96420019,0.334187418837,ADM2,Kacheliba,00000000000000000049
0.026668496318896867,1.06695926339,KEN,ADM2,KEN-ADM2-3690345B91672640,0.0328598943907,ADM2,Kaiti,0000000000000000004a
0.026614066854006965,2.93741859028,KEN,ADM2,KEN-ADM2-3690345B12456151,0.350019779384,ADM2,Kajiado Central,0000000000000000004b
0.026887908014121463,3.84441704839,KEN,ADM2,KEN-ADM2-3690345B8032950,0.265712769388,ADM2,Kajiado East,0000000000000000004c
0.026413307484645675,0.674149475584,KEN,ADM2,KEN-ADM2-3690345B74361181,0.00913410522552,ADM2,Kajiado North,0000000000000000004d
0.027262651595960752,3.38808789235,KEN,ADM2,KEN-ADM2-3690345B68840739,0.515501968014,ADM2,Kajiado South,0000000000000000004e
0.028707119637380454,4.19456744942,KEN,ADM2,KEN-ADM2-3690345B95031868,0.638814374725,ADM2,Kajiado West,0000000000000000004f
0.029709424041868132,1.36323592547,KEN,ADM2,KEN-ADM2-3690345B82097717,0.0544075308499,ADM2,Kaloleni,00000000000000000050
0.027124033007649172,0.139900313862,KEN,ADM2,KEN-ADM2-3690345B68376297,7.18135459802E-4,ADM2,Kamukunji,00000000000000000051
0.026670520367808075,0.941101196439,KEN,ADM2,KEN-ADM2-3690345B39922648,0.0170580343474,ADM2,Kandara,00000000000000000052
0.030452885734870223,1.12677124934,KEN,ADM2,KEN-ADM2-3690345B98264504,0.0259316067441,ADM2,Kanduyi,00000000000000000053
0.024716093033889684,1.26671938239,KEN,ADM2,KEN-ADM2-3690345B16266840,0.028542527264,ADM2,Kangema,00000000000000000054
0.02679726749769733,0.611159908261,KEN,ADM2,KEN-ADM2-3690345B16048594,0.013896319438,ADM2,Kangundo,00000000000000000055
0.02765366321002719,3.09998270578,KEN,ADM2,KEN-ADM2-3690345B66618988,0.144343169265,ADM2,Kapenguria,00000000000000000056
0.025863367118186792,0.971852321158,KEN,ADM2,KEN-ADM2-3690345B8586526,0.0290169290496,ADM2,Kapseret,00000000000000000057
0.03185732771552361,1.13844262229,KEN,ADM2,KEN-ADM2-3690345B84450995,0.0607537593273,ADM2,Karachuonyo,00000000000000000058
0.02719024239268755,0.712714883536,KEN,ADM2,KEN-ADM2-3690345B10307616,0.0110736011415,ADM2,Kasarani,00000000000000000059
0.03086128217784722,0.631206870058,KEN,ADM2,KEN-ADM2-3690345B16256940,0.0209707005596,ADM2,Kasipul,0000000000000000005a
0.026597691215885236,0.897551256555,KEN,ADM2,KEN-ADM2-3690345B91703743,0.0167415041685,ADM2,Kathiani,0000000000000000005b
0.027076179571678457,1.13391886427,KEN,ADM2,KEN-ADM2-3690345B80799816,0.0440240261359,ADM2,Keiyo North,0000000000000000005c
0.026136308615914542,1.41505813307,KEN,ADM2,KEN-ADM2-3690345B79455682,0.0720062256662,ADM2,Keiyo South,0000000000000000005d
0.024891700171404213,1.95552311426,KEN,ADM2,KEN-ADM2-3690345B16901732,0.0544939213182,ADM2,Kesses,0000000000000000005e
0.030587014342275454,0.760461082701,KEN,ADM2,KEN-ADM2-3690345B75806488,0.0117325526835,ADM2,Khwisero,0000000000000000005f
0.0259599490102134,0.530997901296,KEN,ADM2,KEN-ADM2-3690345B40740711,0.00720464174127,ADM2,Kiambaa,00000000000000000060
0.02669024065602601,0.548588019204,KEN,ADM2,KEN-ADM2-3690345B3487960,0.00796244668767,ADM2,Kiambu,00000000000000000061
0.026944029190161336,0.204387100703,KEN,ADM2,KEN-ADM2-3690345B67515552,0.00100197842996,ADM2,Kibra,00000000000000000062
0.028364871734865408,2.92973642147,KEN,ADM2,KEN-ADM2-3690345B18083026,0.180503461521,ADM2,Kibwezi East,00000000000000000063
0.028157007470742065,2.41417934846,KEN,ADM2,KEN-ADM2-3690345B52980879,0.143710723863,ADM2,Kibwezi West,00000000000000000064
0.023670664784749693,2.65482553521,KEN,ADM2,KEN-ADM2-3690345B56141305,0.147380268047,ADM2,Kieni,00000000000000000065
0.02551915919416651,1.35837915429,KEN,ADM2,KEN-ADM2-3690345B1253030,0.0256941903423,ADM2,Kigumo,00000000000000000066
0.027661617663099332,1.22116736999,KEN,ADM2,KEN-ADM2-3690345B17352185,0.0248362931037,ADM2,Kiharu,00000000000000000067
0.026252403938111096,0.766768151178,KEN,ADM2,KEN-ADM2-3690345B35903267,0.0141641490709,ADM2,Kikuyu,00000000000000000068
0.027902302527688494,3.03764567641,KEN,ADM2,KEN-ADM2-3690345B83855835,0.206303007368,ADM2,Kilgoris,00000000000000000069
0.029973794101891105,2.57274114948,KEN,ADM2,KEN-ADM2-3690345B26072415,0.063840967832,ADM2,Kilifi North,0000000000000000006a
0.030133338767770853,1.10339866172,KEN,ADM2,KEN-ADM2-3690345B19668002,0.0345432112097,ADM2,Kilifi South,0000000000000000006b
0.026965133201239548,0.22807873596,KEN,ADM2,KEN-ADM2-3690345B29601498,0.00238546350977,ADM2,Kilimani,0000000000000000006c
0.026680652660799678,1.58043055338,KEN,ADM2,KEN-ADM2-3690345B90836669,0.0669170173185,ADM2,Kilome,0000000000000000006d
0.028316657642465076,0.656575862391,KEN,ADM2,KEN-ADM2-3690345B62824499,0.0144143199544,ADM2,Kimilili,0000000000000000006e
0.027657719416236272,1.12883907039,KEN,ADM2,KEN-ADM2-3690345B18186171,0.0299515775334,ADM2,Kiminini,0000000000000000006f
0.029317518123412913,3.93469354102,KEN,ADM2,KEN-ADM2-3690345B42280794,0.39361774142,ADM2,Kinango,00000000000000000070
0.02304054846418064,1.33917472915,KEN,ADM2,KEN-ADM2-3690345B81665668,0.0437826919652,ADM2,Kinangop,00000000000000000071
0.023100844028385154,1.55103332683,KEN,ADM2,KEN-ADM2-3690345B63059748,0.0764642205834,ADM2,Kipipiri,00000000000000000072
0.024934770827329557,2.02724278343,KEN,ADM2,KEN-ADM2-3690345B74558415,0.0611295800233,ADM2,Kipkelion East,00000000000000000073
0.027021041734531744,0.898342221163,KEN,ADM2,KEN-ADM2-3690345B68377672,0.0286215173922,ADM2,Kipkelion West,00000000000000000074
0.025444492787573908,1.01795086255,KEN,ADM2,KEN-ADM2-3690345B72440062,0.0192766007207,ADM2,Kirinyaga Central,00000000000000000075
0.0303560075333985,0.764960170786,KEN,ADM2,KEN-ADM2-3690345B46227387,0.00729024989538,ADM2,Kisauni,00000000000000000076
0.03213277180467862,0.462467696738,KEN,ADM2,KEN-ADM2-3690345B66418462,0.00554979098917,ADM2,Kisumu Central,00000000000000000077
0.03207446051066021,0.939202405453,KEN,ADM2,KEN-ADM2-3690345B78630596,0.0134415429162,ADM2,Kisumu East,00000000000000000078
0.03182895497354725,0.775223352205,KEN,ADM2,KEN-ADM2-3690345B22616808,0.0253761173387,ADM2,Kisumu West,00000000000000000079
0.028163564006571867,1.8166172204,KEN,ADM2,KEN-ADM2-3690345B23467699,0.059205425408,ADM2,Kitui Central,0000000000000000007a
0.029030449063541595,3.26714766946,KEN,ADM2,KEN-ADM2-3690345B18560883,0.384090570261,ADM2,Kitui East,0000000000000000007b
0.02800392777577047,3.46337405712,KEN,ADM2,KEN-ADM2-3690345B30307250,0.124282001216,ADM2,Kitui Rural,0000000000000000007c
0.028947851487384702,6.18750198602,KEN,ADM2,KEN-ADM2-3690345B42419317,1.03408081816,ADM2,Kitui South,0000000000000000007d
0.027569788668936158,1.07634544948,KEN,ADM2,KEN-ADM2-3690345B51866929,0.0512212005388,ADM2,Kitui West,0000000000000000007e
0.028847200614098144,0.484879492116,KEN,ADM2,KEN-ADM2-3690345B81940604,0.0105968585245,ADM2,Kitutu Chache North,0000000000000000007f
0.029410282292160455,0.450299020825,KEN,ADM2,KEN-ADM2-3690345B36303476,0.00792736864717,ADM2,Kitutu Chache South,00000000000000000080
0.027363366313111856,0.708170004179,KEN,ADM2,KEN-ADM2-3690345B81185390,0.020612298993,ADM2,Kitutu Masaba,00000000000000000081
0.025795968553983542,1.44148028179,KEN,ADM2,KEN-ADM2-3690345B88904358,0.0691694313946,ADM2,Konoin,00000000000000000082
0.023986691070342202,1.70389543418,KEN,ADM2,KEN-ADM2-3690345B76586510,0.0496766227641,ADM2,Kuresoi North,00000000000000000083
0.024047189438549332,1.02473777672,KEN,ADM2,KEN-ADM2-3690345B28239451,0.042647722047,ADM2,Kuresoi South,00000000000000000084
0.02866888370522826,0.955367884526,KEN,ADM2,KEN-ADM2-3690345B3888908,0.0193593041354,ADM2,Kuria East,00000000000000000085
0.029581386763873188,0.829739440028,KEN,ADM2,KEN-ADM2-3690345B80103047,0.0277746948556,ADM2,Kuria West,00000000000000000086
0.027007458434272064,0.903987462009,KEN,ADM2,KEN-ADM2-3690345B31421163,0.0377686454856,ADM2,Kwanza,00000000000000000087
0.029343522362679415,2.77068386368,KEN,ADM2,KEN-ADM2-3690345B11414306,0.288381365177,ADM2,Lafey,00000000000000000088
0.029758239818423425,4.06946567854,KEN,ADM2,KEN-ADM2-3690345B2529512,0.52433513977,ADM2,Lagdera,00000000000000000089
0.025152321644834722,3.20186455402,KEN,ADM2,KEN-ADM2-3690345B81754377,0.261784850399,ADM2,Laikipia East,0000000000000000008a
0.025867069642557975,4.36271643634,KEN,ADM2,KEN-ADM2-3690345B86588823,0.399409739499,ADM2,Laikipia North,0000000000000000008b
0.025316326279380817,2.35016920237,KEN,ADM2,KEN-ADM2-3690345B379845,0.113612325044,ADM2,Laikipia West,0000000000000000008c
0.029704829515109308,8.65553724757,KEN,ADM2,KEN-ADM2-3690345B16201420,1.95790999167,ADM2,Laisamis,0000000000000000008d
0.02939122283948895,3.91692870457,KEN,ADM2,KEN-ADM2-3690345B44764722,0.175038630205,ADM2,Lamu East,0000000000000000008e
0.029709281746871916,4.43720121974,KEN,ADM2,KEN-ADM2-3690345B37807078,0.316534714363,ADM2,Lamu West,0000000000000000008f
0.026655023541664113,0.879391984094,KEN,ADM2,KEN-ADM2-3690345B76203377,0.0170497156745,ADM2,Langata,00000000000000000090
0.02439169633563231,1.41265132152,KEN,ADM2,KEN-ADM2-3690345B32396287,0.037858207576,ADM2,Lari,00000000000000000091
0.03042134075797624,0.471279718497,KEN,ADM2,KEN-ADM2-3690345B1128607,0.00424126970969,ADM2,Likoni,00000000000000000092
0.02710584059619344,0.874045206648,KEN,ADM2,KEN-ADM2-3690345B64135305,0.0244757983445,ADM2,Likuyani,00000000000000000093
0.02578298007333477,0.947443751377,KEN,ADM2,KEN-ADM2-3690345B72403729,0.0231553754199,ADM2,Limuru,00000000000000000094
0.030231883926547496,5.08945430554,KEN,ADM2,KEN-ADM2-3690345B16078876,0.792863767753,ADM2,Loima,00000000000000000095
0.030374582534753766,0.542039590726,KEN,ADM2,KEN-ADM2-3690345B62475617,0.0067931587422,ADM2,Luanda,00000000000000000096
0.028020780072559506,1.33295869194,KEN,ADM2,KEN-ADM2-3690345B72457542,0.0298798837272,ADM2,Lugari,00000000000000000097
0.029732403386498154,3.59034529124,KEN,ADM2,KEN-ADM2-3690345B7399676,0.164486642634,ADM2,Lunga Lunga,00000000000000000098
0.030029789993257255,0.787432570427,KEN,ADM2,KEN-ADM2-3690345B10562539,0.0131361702068,ADM2,Lurambi,00000000000000000099
0.026076492574878124,1.36318960018,KEN,ADM2,KEN-ADM2-3690345B34744921,0.0410170351375,ADM2,Maara,0000000000000000009a
0.0262877104029095,1.85131698967,KEN,ADM2,KEN-ADM2-3690345B73219389,0.0615270519301,ADM2,Machakos Town,0000000000000000009b
0.029718370598282577,3.89767587539,KEN,ADM2,KEN-ADM2-3690345B85828830,0.567530665809,ADM2,Magarini,0000000000000000009c
0.027024422888958826,0.173443354629,KEN,ADM2,KEN-ADM2-3690345B29332847,9.74908477702E-4,ADM2,Makadara,0000000000000000009d
0.028019811700794282,2.16179484929,KEN,ADM2,KEN-ADM2-3690345B44624674,0.160928919966,ADM2,Makueni,0000000000000000009e
0.02870089548118393,1.02703688256,KEN,ADM2,KEN-ADM2-3690345B68732405,0.0343625805451,ADM2,Malava,0000000000000000009f
0.029903919212891816,1.64216967712,KEN,ADM2,KEN-ADM2-3690345B27429432,0.0469281469793,ADM2,Malindi,000000000000000000a0
0.02974385608353599,2.2999822112,KEN,ADM2,KEN-ADM2-3690345B75377195,0.207705379862,ADM2,Mandera East,000000000000000000a1
0.028959105385594423,3.80650479661,KEN,ADM2,KEN-ADM2-3690345B80272537,0.49897814552,ADM2,Mandera North,000000000000000000a2
0.029284557507986086,3.50570943842,KEN,ADM2,KEN-ADM2-3690345B24906530,0.450705547033,ADM2,Mandera South,000000000000000000a3
0.0291324091927834,3.24260233682,KEN,ADM2,KEN-ADM2-3690345B58624477,0.421128895818,ADM2,Mandera West,000000000000000000a4
0.025703724376269943,1.29324218242,KEN,ADM2,KEN-ADM2-3690345B17430316,0.0290955022547,ADM2,Manyatta,000000000000000000a5
0.027464019923048734,1.35856601576,KEN,ADM2,KEN-ADM2-3690345B38921064,0.0375362441301,ADM2,Maragwa,000000000000000000a6
0.025340886091145313,1.29471456889,KEN,ADM2,KEN-ADM2-3690345B16482253,0.0658616684111,ADM2,Marakwet East,000000000000000000a7
0.024840807587105038,1.90715505159,KEN,ADM2,KEN-ADM2-3690345B90631015,0.0625398702668,ADM2,Marakwet West,000000000000000000a8
0.02785367458776509,2.4649521207,KEN,ADM2,KEN-ADM2-3690345B26103622,0.11427469357,ADM2,Masinga,000000000000000000a9
0.03206112090773268,0.697534438437,KEN,ADM2,KEN-ADM2-3690345B48967543,0.0157547951116,ADM2,Matayos,000000000000000000aa
0.027108130338858814,0.108716416375,KEN,ADM2,KEN-ADM2-3690345B1845312,2.35884309461E-4,ADM2,Mathare,000000000000000000ab
0.025465218145177906,1.18096122013,KEN,ADM2,KEN-ADM2-3690345B19885692,0.0227258654154,ADM2,Mathioya,000000000000000000ac
0.024946678959100233,1.24595922368,KEN,ADM2,KEN-ADM2-3690345B87651686,0.0372058086936,ADM2,Mathira,000000000000000000ad
0.029986553126290307,1.7102782795,KEN,ADM2,KEN-ADM2-3690345B74692579,0.0858454452071,ADM2,Matuga,000000000000000000ae
0.031405476815805446,0.932347611725,KEN,ADM2,KEN-ADM2-3690345B94976384,0.0225701354299,ADM2,Matungu,000000000000000000af
0.02707197844185402,1.12231372516,KEN,ADM2,KEN-ADM2-3690345B75785336,0.0472449879416,ADM2,Matungulu,000000000000000000b0
0.026644121267142728,1.5985774976,KEN,ADM2,KEN-ADM2-3690345B95366259,0.0684719511619,ADM2,Mavoko,000000000000000000b1
0.02749103235266127,2.0004105827,KEN,ADM2,KEN-ADM2-3690345B17380629,0.0796827390142,ADM2,Mbooni,000000000000000000b2
0.027825432171689753,2.17716450467,KEN,ADM2,KEN-ADM2-3690345B16925429,0.11274518487,ADM2,Mogotio,000000000000000000b3
0.0255009262709937,1.62759320856,KEN,ADM2,KEN-ADM2-3690345B68956171,0.0630356253259,ADM2,Moiben,000000000000000000b4
0.02394053321985621,1.28937192014,KEN,ADM2,KEN-ADM2-3690345B10214551,0.0415259490652,ADM2,Molo,000000000000000000b5
0.026910708277701364,1.24565883033,KEN,ADM2,KEN-ADM2-3690345B14011457,0.0474703361457,ADM2,Mosop,000000000000000000b6
0.029596801585086097,4.79236639108,KEN,ADM2,KEN-ADM2-3690345B26688086,0.76021733381,ADM2,Moyale,000000000000000000b7
0.030261955990591432,1.12629178684,KEN,ADM2,KEN-ADM2-3690345B20099221,0.0293056093404,ADM2,Msambweni,000000000000000000b8
0.025075166867383217,1.44428436075,KEN,ADM2,KEN-ADM2-3690345B5889457,0.0775868756161,ADM2,Mt. Elgon,000000000000000000b9
0.030778394591030694,1.90298718005,KEN,ADM2,KEN-ADM2-3690345B22196693,0.0539592504856,ADM2,Muhoroni,000000000000000000ba
0.02698970012765652,0.670990917087,KEN,ADM2,KEN-ADM2-3690345B28934713,0.0144907557493,ADM2,Mukurweni,000000000000000000bb
0.031081881563021992,0.656216136128,KEN,ADM2,KEN-ADM2-3690345B69544108,0.0142149404228,ADM2,Mumias East,000000000000000000bc
0.031513773787471985,0.666612749647,KEN,ADM2,KEN-ADM2-3690345B35377834,0.0112386297324,ADM2,Mumias West,000000000000000000bd
0.03032716126769822,0.172803216535,KEN,ADM2,KEN-ADM2-3690345B98053312,0.00119869675733,ADM2,Mvita,000000000000000000be
0.02752741568217864,1.89279324291,KEN,ADM2,KEN-ADM2-3690345B82142159,0.0827962943547,ADM2,Mwala,000000000000000000bf
0.02817807082278291,3.72847571678,KEN,ADM2,KEN-ADM2-3690345B65701499,0.300540696901,ADM2,Mwatate,000000000000000000c0
0.02790358904709529,0.860801252834,KEN,ADM2,KEN-ADM2-3690345B33322243,0.035139383627,ADM2,Mwea,000000000000000000c1
0.028935830950540413,3.12739321169,KEN,ADM2,KEN-ADM2-3690345B984394,0.344900450715,ADM2,Mwingi East,000000000000000000c2
0.028969156969691767,3.13122896429,KEN,ADM2,KEN-ADM2-3690345B39087398,0.381628124186,ADM2,Mwingi North,000000000000000000c3
0.028177585293324148,1.83994217963,KEN,ADM2,KEN-ADM2-3690345B32682743,0.0959289567534,ADM2,Mwingi West,000000000000000000c4
0.025584289812828676,2.21079619864,KEN,ADM2,KEN-ADM2-3690345B78966052,0.139894434406,ADM2,Naivasha,000000000000000000c5
0.026072336414092408,0.723105403314,KEN,ADM2,KEN-ADM2-3690345B40977377,0.012787997105,ADM2,Nakuru Town East,000000000000000000c6
0.026209771955529315,0.686479959264,KEN,ADM2,KEN-ADM2-3690345B47996381,0.0113651297462,ADM2,Nakuru Town West,000000000000000000c7
0.03184776930992792,0.832985371175,KEN,ADM2,KEN-ADM2-3690345B55649850,0.0188758420932,ADM2,Nambale,000000000000000000c8
0.026109433084543884,1.07865933356,KEN,ADM2,KEN-ADM2-3690345B10255270,0.0319342494591,ADM2,Nandi Hills,000000000000000000c9
0.026378190554299154,1.9104581134,KEN,ADM2,KEN-ADM2-3690345B39745566,0.166314425045,ADM2,Narok East,000000000000000000ca
0.02441011036063162,3.34000309169,KEN,ADM2,KEN-ADM2-3690345B74645205,0.221276913379,ADM2,Narok North,000000000000000000cb
0.026139189405344862,4.92313993087,KEN,ADM2,KEN-ADM2-3690345B9035653,0.392638329973,ADM2,Narok South,000000000000000000cc
0.02650128789225254,3.79205919342,KEN,ADM2,KEN-ADM2-3690345B40960798,0.442618693015,ADM2,Narok West,000000000000000000cd
0.030129056930786876,0.870778787971,KEN,ADM2,KEN-ADM2-3690345B57763853,0.0209133747192,ADM2,Navakholo,000000000000000000ce
0.023422894795736813,1.72840825671,KEN,ADM2,KEN-ADM2-3690345B48963412,0.0710117247628,ADM2,Ndaragwa,000000000000000000cf
0.0306198031874872,1.18861161913,KEN,ADM2,KEN-ADM2-3690345B82266688,0.0564996783879,ADM2,Ndhiwa,000000000000000000d0
0.027469132980297715,1.73942067749,KEN,ADM2,KEN-ADM2-3690345B43863656,0.0274925597592,ADM2,Ndia,000000000000000000d1
0.026981548338143632,1.65376336337,KEN,ADM2,KEN-ADM2-3690345B65756789,0.0485958469626,ADM2,Nithi,000000000000000000d2
0.02427962179251463,1.52383543186,KEN,ADM2,KEN-ADM2-3690345B33938657,0.0635733556162,ADM2,Njoro,000000000000000000d3
0.029921839642728945,8.79183407483,KEN,ADM2,KEN-ADM2-3690345B42575394,3.30066480976,ADM2,North Horr,000000000000000000d4
0.027193202664061777,1.19832422887,KEN,ADM2,KEN-ADM2-3690345B49358847,0.0245333748758,ADM2,North Imenti,000000000000000000d5
0.028249377220553575,0.544648049744,KEN,ADM2,KEN-ADM2-3690345B21264798,0.0138397791991,ADM2,North Mugirango,000000000000000000d6
0.03091767456683972,1.06647843261,KEN,ADM2,KEN-ADM2-3690345B95097403,0.0327028553731,ADM2,Nyakach,000000000000000000d7
0.030349353203207235,0.180519628068,KEN,ADM2,KEN-ADM2-3690345B18128014,0.0018567995809,ADM2,Nyali,000000000000000000d8
0.03149165542665783,1.65309036359,KEN,ADM2,KEN-ADM2-3690345B10744816,0.0489958198901,ADM2,Nyando,000000000000000000d9
0.027971970316598233,0.51036696005,KEN,ADM2,KEN-ADM2-3690345B10978829,0.0110459571094,ADM2,Nyaribari Chache,000000000000000000da
0.02678312125632124,0.481585230016,KEN,ADM2,KEN-ADM2-3690345B12897286,0.0129326480011,ADM2,Nyaribari Masaba,000000000000000000db
0.03147000965440592,1.42485919337,KEN,ADM2,KEN-ADM2-3690345B99215083,0.0986465633018,ADM2,Nyatike,000000000000000000dc
0.02590272411847602,0.730233966018,KEN,ADM2,KEN-ADM2-3690345B1026930,0.0137458822914,ADM2,Nyeri Town,000000000000000000dd
0.02395373973851751,1.45925676745,KEN,ADM2,KEN-ADM2-3690345B24691054,0.0508066707012,ADM2,Ol Jorok,000000000000000000de
0.024143220008511927,1.05412056958,KEN,ADM2,KEN-ADM2-3690345B93703528,0.0233326435361,ADM2,Ol Kalou,000000000000000000df
0.023973953715376122,1.00419611506,KEN,ADM2,KEN-ADM2-3690345B37870867,0.0289595860262,ADM2,Othaya,000000000000000000e0
0.025757566386613053,1.79358801719,KEN,ADM2,KEN-ADM2-3690345B21836838,0.103020457148,ADM2,Pokot South,000000000000000000e1
0.030084030542388344,0.817020332818,KEN,ADM2,KEN-ADM2-3690345B33937795,0.019047890357,ADM2,Rabai,000000000000000000e2
0.031163080932202405,1.00148473578,KEN,ADM2,KEN-ADM2-3690345B15955693,0.0236203949168,ADM2,Rangwe,000000000000000000e3
0.03224556861271111,0.967748313195,KEN,ADM2,KEN-ADM2-3690345B73299372,0.0551764165777,ADM2,Rarieda,000000000000000000e4
0.0266736782264161,2.25654955897,KEN,ADM2,KEN-ADM2-3690345B58436570,0.0829837631317,ADM2,Rongai,000000000000000000e5
0.029984830089035398,0.860138120966,KEN,ADM2,KEN-ADM2-3690345B16480785,0.017271691095,ADM2,Rongo,000000000000000000e6
0.027089910967856335,0.378023502968,KEN,ADM2,KEN-ADM2-3690345B24557504,0.00390887981589,ADM2,Roysambu,000000000000000000e7
0.02707080612510855,0.160804783557,KEN,ADM2,KEN-ADM2-3690345B81579130,5.83416833502E-4,ADM2,Ruaraka,000000000000000000e8
0.02729595931589265,0.781180840337,KEN,ADM2,KEN-ADM2-3690345B83363551,0.0124421280679,ADM2,Ruiru,000000000000000000e9
0.026240224838871725,1.35807133393,KEN,ADM2,KEN-ADM2-3690345B7822371,0.0302085458561,ADM2,Runyenjes,000000000000000000ea
0.029493122843045137,0.51260997717,KEN,ADM2,KEN-ADM2-3690345B17366933,0.0090575206292,ADM2,Sabatia,000000000000000000eb
0.02658013907359317,1.09928490467,KEN,ADM2,KEN-ADM2-3690345B89274748,0.0288292576977,ADM2,Saboti,000000000000000000ec
0.028417496446145652,1.64610571526,KEN,ADM2,KEN-ADM2-3690345B85274642,0.166397731436,ADM2,Saku,000000000000000000ed
0.028217379966232213,4.58420265594,KEN,ADM2,KEN-ADM2-3690345B54365756,0.817361162832,ADM2,Samburu East,000000000000000000ee
0.027431945962197137,5.70462184807,KEN,ADM2,KEN-ADM2-3690345B34100782,0.689287750457,ADM2,Samburu North,000000000000000000ef
0.02583950270369875,2.85759163733,KEN,ADM2,KEN-ADM2-3690345B61139137,0.201165185683,ADM2,Samburu West,000000000000000000f0
0.031945523548959215,0.929064280698,KEN,ADM2,KEN-ADM2-3690345B79238982,0.036485701707,ADM2,Seme,000000000000000000f1
0.02869465898226586,0.969415020005,KEN,ADM2,KEN-ADM2-3690345B59694416,0.0331740166228,ADM2,Shinyalu,000000000000000000f2
0.028492643035157476,1.63600183283,KEN,ADM2,KEN-ADM2-3690345B28275628,0.0625908880763,ADM2,Siakago,000000000000000000f3
0.028422874516787724,2.3039858619,KEN,ADM2,KEN-ADM2-3690345B805329,0.174792657222,ADM2,Sigor,000000000000000000f4
0.02930002083801486,1.16444850188,KEN,ADM2,KEN-ADM2-3690345B8383177,0.0377274492584,ADM2,Sigowet/Soin,000000000000000000f5
0.030338147242902,0.808554740994,KEN,ADM2,KEN-ADM2-3690345B20744704,0.0170736171425,ADM2,Sirisia,000000000000000000f6
0.02702624417657425,1.30632444192,KEN,ADM2,KEN-ADM2-3690345B99738024,0.0386364594921,ADM2,Sotik,000000000000000000f7
0.025123524756818685,1.34090728274,KEN,ADM2,KEN-ADM2-3690345B90074036,0.053758035426,ADM2,South Imenti,000000000000000000f8
0.02907426463187633,0.6983890356,KEN,ADM2,KEN-ADM2-3690345B57296020,0.0168531214231,ADM2,South Mugirango,000000000000000000f9
0.026325877663073,1.72166079319,KEN,ADM2,KEN-ADM2-3690345B29151598,0.0532539115243,ADM2,Soy,000000000000000000fa
0.027126117109878712,0.200732937232,KEN,ADM2,KEN-ADM2-3690345B49726258,0.00136813789598,ADM2,Starehe,000000000000000000fb
0.03211052496048333,1.65176743808,KEN,ADM2,KEN-ADM2-3690345B92930993,0.0853761413953,ADM2,Suba North,000000000000000000fc
0.031049106686050397,1.25554154346,KEN,ADM2,KEN-ADM2-3690345B13530268,0.0953054053216,ADM2,Suba South,000000000000000000fd
0.02589597852922029,1.50349859677,KEN,ADM2,KEN-ADM2-3690345B72153470,0.0369041401168,ADM2,Subukia,000000000000000000fe
0.029839049317966746,0.976862878724,KEN,ADM2,KEN-ADM2-3690345B77054570,0.0167937699629,ADM2,Suna East,000000000000000000ff
0.030330094100299212,0.860415800615,KEN,ADM2,KEN-ADM2-3690345B85963797,0.0230892273401,ADM2,Suna West,00000000000000000100
0.02946043291877069,3.60391925602,KEN,ADM2,KEN-ADM2-3690345B35463611,0.613422589974,ADM2,Tarbaj,00000000000000000101
0.02822624981094003,3.5144081328,KEN,ADM2,KEN-ADM2-3690345B44735284,0.326123468336,ADM2,Taveta,00000000000000000102
0.03163117762254858,0.865728812207,KEN,ADM2,KEN-ADM2-3690345B74615943,0.0206426179286,ADM2,Teso North,00000000000000000103
0.03209613804538415,0.833475582414,KEN,ADM2,KEN-ADM2-3690345B11068555,0.0247242584099,ADM2,Teso South,00000000000000000104
0.023888137441086275,1.4859281652,KEN,ADM2,KEN-ADM2-3690345B75084593,0.0291268714113,ADM2,Tetu,00000000000000000105
0.02933003041844719,2.07813838008,KEN,ADM2,KEN-ADM2-3690345B33071950,0.120070332134,ADM2,Tharaka,00000000000000000106
0.02729263229911584,1.13599233032,KEN,ADM2,KEN-ADM2-3690345B3265607,0.0178033031507,ADM2,Thika Town,00000000000000000107
0.02862734946600619,3.37651255622,KEN,ADM2,KEN-ADM2-3690345B15623702,0.361299620086,ADM2,Tiaty,00000000000000000108
0.0276856508840252,1.71289803932,KEN,ADM2,KEN-ADM2-3690345B8762618,0.0677003393737,ADM2,Tigania East,00000000000000000109
0.027356915904349483,1.17441115113,KEN,ADM2,KEN-ADM2-3690345B39299943,0.0318053538605,ADM2,Tigania West,0000000000000000010a
0.028056759374535202,1.64661873291,KEN,ADM2,KEN-ADM2-3690345B2361169,0.0440073308388,ADM2,Tinderet,0000000000000000010b
0.027885845127916666,0.958307893437,KEN,ADM2,KEN-ADM2-3690345B12275510,0.0305038007386,ADM2,Tongaren,0000000000000000010c
0.02672093113916378,1.39097494458,KEN,ADM2,KEN-ADM2-3690345B6808665,0.0353463709176,ADM2,Turbo,0000000000000000010d
0.030540128802494876,4.39536355883,KEN,ADM2,KEN-ADM2-3690345B32291846,0.538281501213,ADM2,Turkana Central,0000000000000000010e
0.029627317556038483,6.8861476946,KEN,ADM2,KEN-ADM2-3690345B46166721,0.909087463502,ADM2,Turkana East,0000000000000000010f
0.031317561363085805,6.8348606599,KEN,ADM2,KEN-ADM2-3690345B45123087,1.66897152383,ADM2,Turkana North,00000000000000000110
0.030019125451805635,5.35356810978,KEN,ADM2,KEN-ADM2-3690345B38835704,0.603285539944,ADM2,Turkana South,00000000000000000111
0.03158730563100983,6.40098727778,KEN,ADM2,KEN-ADM2-3690345B81164295,1.19593592043,ADM2,Turkana West,00000000000000000112
0.03169576539952817,0.952021268844,KEN,ADM2,KEN-ADM2-3690345B96926090,0.0260833730466,ADM2,Ugenya,00000000000000000113
0.03157990107836532,0.79157072134,KEN,ADM2,KEN-ADM2-3690345B88335366,0.0161814547092,ADM2,Ugunja,00000000000000000114
0.03022117297056551,0.894886057661,KEN,ADM2,KEN-ADM2-3690345B39799548,0.0311826693893,ADM2,Uriri,00000000000000000115
0.02985738967289087,0.427819722243,KEN,ADM2,KEN-ADM2-3690345B89368807,0.00727308349541,ADM2,Vihiga,00000000000000000116
0.02869481935434611,6.17451463081,KEN,ADM2,KEN-ADM2-3690345B29243475,0.698290911865,ADM2,Voi,00000000000000000117
0.02948837993626698,2.98320791696,KEN,ADM2,KEN-ADM2-3690345B33120618,0.347873727158,ADM2,Wajir East,00000000000000000118
0.029417925451474345,5.25046370005,KEN,ADM2,KEN-ADM2-3690345B20102729,0.845902712978,ADM2,Wajir North,00000000000000000119
0.029773545051336524,5.30882780837,KEN,ADM2,KEN-ADM2-3690345B80979161,1.75352224388,ADM2,Wajir South,0000000000000000011a
0.02983702376619935,4.06057590702,KEN,ADM2,KEN-ADM2-3690345B33056856,0.660316465534,ADM2,Wajir West,0000000000000000011b
0.02871238015657028,0.71440657837,KEN,ADM2,KEN-ADM2-3690345B17387447,0.013320761306,ADM2,Webuye East,0000000000000000011c
0.029474012202469906,1.01087571635,KEN,ADM2,KEN-ADM2-3690345B94509573,0.0191796778135,ADM2,Webuye West,0000000000000000011d
0.027539469670444724,0.630183172772,KEN,ADM2,KEN-ADM2-3690345B63027163,0.0146096607546,ADM2,West Mugirango,0000000000000000011e
0.026797476129578633,0.405297936338,KEN,ADM2,KEN-ADM2-3690345B65116775,0.00590790301496,ADM2,Westlands,0000000000000000011f
0.027443001489514753,1.21452647383,KEN,ADM2,KEN-ADM2-3690345B49750586,0.0692429306775,ADM2,Wundanyi,00000000000000000120
0.02759088938786785,1.73773074427,KEN,ADM2,KEN-ADM2-3690345B35930893,0.0862109028544,ADM2,Yatta,00000000000000000121
